{
  "statusCode": "200",
  "statusDescription": "OK",
  "requestUID": "1004-2eb1c5e3-039b-467b-ad8b-d54afc5fff14",
  "results": [
    {
      "total_count": "1",
      "current_page": "1",
      "total_pages": "1",
      "data": [
        {
          "policy_number": "11210000140000",
          "web_aggregator_code": "",
          "intermediary_code": "BA0000107520",
          "intermediary_name": "MS.M VINIKUMARI            ",
          "insured_name": "M.RAJANI   ",
          "proposer_name": "M.RAJANI   ",
          "telephone_no": "",
          "product": "Star Family Health Optima",
          "premium": "28,610",
          "agent_code": "",
          "sp_code": "",
          "sp_name": "",
          "fullfiller_code": "SH14156",
          "fullfiller_name": "Mr.R.CHANDRA PRABHAKAR",
          "remarks": ""
        }
      ]
    }
  ]
}