{
  "statusCode": "200",
  "statusDescription": "OK",
  "requestUID": "fa45ef3f-87c1-4d3d-97c7-423eac410048",
  "results": [
    {
      "total_count": "1",
      "current_page": "1",
      "total_pages": "1",
      "data": [
        {
          "proposer_name": "GAURAV BHAMBRI",
          "previous_policy_number": "P/211237/01/2022/000849",
          "broker_code": "BA0000451607",
          "policy_from_date": "2021-09-19 00:00:00",
          "policy_to_date": "2022-09-18 00:00:00",
          "insured_name": "PUNITI BHAMBRI",
          "telephone_no": "9814444677",
          "old_product": "",
          "premium": "0",
          "fullfiller_code": "SH48494",
          "fullfiller_name": "Mr.VIVEK SEKHRI",
          "policy_status": "RENEWED",
          "new_policy_number": "P/161125/01/2023/004757",
          "new_product": "Family Health Optima Insurance Plan",
          "new_premium": "0",
          "sum_insured": "500,000",
          "gst": "0",
          "premium_total": "0",
          "intermediary_code": "BA0000451607",
          "intermediary_name": "Mrs.ANITA",
          "claim_if_any": "N",
          "approved_status": "",
          "occupation": "",
          "plan_name": "MED-PRD-100",
          "address": "H NO 462/8CENTRAL TOWNJALANDHAR",
          "email_id": "GAURAV.BHAMBRI81@GMAIL.COM",
          "no_of_members": "5"
        }
      ]
    }
  ]
}