{
  "statusCode": "200",
  "statusDescription": "OK",
  "requestUID": "1004-2eb1c5e3-039b-467b-ad8b-d54afc5fff14",
  "results": [
    {
      "total_count": "40",
      "current_page": "1",
      "total_pages": "4",
      "data": [
        {
          "proposer_name": "MEDICHARLA SATYABABU",
          "insured_name": "MEDICHARLA CHARAN",
          "telephone_no": "9849838369",
          "email_id": "boddapalliprasad@gmail.com",
          "address": "D.NO:3-14, MAIN ROAD,NEAR RAMALAYAM, MEDICHARLAPALEM,MALIKIPURAM,EASTGODAVARI",
          "intermediary_code": "BA0000192396",
          "intermediary_name": "Ms.B CHINNARI",
          "plan_name": "Super Surplus Floater Revised - 2018",
          "no_of_members": "3",
          "policy_number": "P/131319/01/2022/000104",
          "current_premium_base": "6,210",
          "current_sum_insured": "1,500,000",
          "current_premium_tax": "",
          "current_premium_total": "6,210",
          "new_premium_base": "6,210",
          "new_sum_insured": "1,500,000",
          "new_premium_tax": "559",
          "new_premium_total": "6,769",
          "current_policy_issue_date": "03/15/2021",
          "current_policy_expiry_date": "",
          "claim_flag": "N",
          "claim_settlement_amount": ""
        },
        {
          "proposer_name": "Mr.KANKIPATI YEDUKONDALU",
          "insured_name": "K.YEDUKONDALU",
          "telephone_no": "",
          "email_id": "",
          "address": "S/O VENKATARATNAM 2-170  NEAR PANCHYATHI VEEDHI APPANAPALLI..",
          "intermediary_code": "CO0000000084",
          "intermediary_name": "BANK OF BARODA",
          "plan_name": "MED-PRD-083",
          "no_of_members": "1",
          "policy_number": "P/131319/01/2022/000120",
          "current_premium_base": "4,676",
          "current_sum_insured": "200,000",
          "current_premium_tax": "0",
          "current_premium_total": "4,676",
          "new_premium_base": "4,676",
          "new_sum_insured": "200,000",
          "new_premium_tax": "0",
          "new_premium_total": "4,676",
          "current_policy_issue_date": "06/11/2021",
          "current_policy_expiry_date": "",
          "claim_flag": "N",
          "claim_settlement_amount": "0"
        },
        {
          "proposer_name": "Mr.KANKIPATI YEDUKONDALU",
          "insured_name": "K.YEDUKONDALU",
          "telephone_no": "",
          "email_id": "",
          "address": "S/O VENKATARATNAM 2-170  NEAR PANCHYATHI VEEDHI APPANAPALLI..",
          "intermediary_code": "CO0000000084",
          "intermediary_name": "BANK OF BARODA",
          "plan_name": "MED-PRD-083",
          "no_of_members": "1",
          "policy_number": "P/131319/01/2022/000121",
          "current_premium_base": "4,676",
          "current_sum_insured": "200,000",
          "current_premium_tax": "0",
          "current_premium_total": "4,676",
          "new_premium_base": "4,676",
          "new_sum_insured": "200,000",
          "new_premium_tax": "0",
          "new_premium_total": "4,676",
          "current_policy_issue_date": "06/11/2021",
          "current_policy_expiry_date": "",
          "claim_flag": "N",
          "claim_settlement_amount": "0"
        },
        {
          "proposer_name": "Mr.KANKIPATI YEDUKONDALU",
          "insured_name": "K.YEDUKONDALU",
          "telephone_no": "8499894402",
          "email_id": "",
          "address": "S/O VENKATARATNAM 2-170  NEAR PANCHYATHI VEEDHI APPANAPALLI..",
          "intermediary_code": "CO0000000084",
          "intermediary_name": "BANK OF BARODA",
          "plan_name": "Arogya Sanjeevani Policy Star Health and Allied Insurance Co Ltd.",
          "no_of_members": "1",
          "policy_number": "P/131319/01/2022/000122",
          "current_premium_base": "4,676",
          "current_sum_insured": "200,000",
          "current_premium_tax": "",
          "current_premium_total": "4,676",
          "new_premium_base": "4,676",
          "new_sum_insured": "200,000",
          "new_premium_tax": "0",
          "new_premium_total": "4,676",
          "current_policy_issue_date": "06/11/2021",
          "current_policy_expiry_date": "",
          "claim_flag": "N",
          "claim_settlement_amount": ""
        },
        {
          "proposer_name": "Mr.BATHINA RAMESH",
          "insured_name": "B RAMESH",
          "telephone_no": "",
          "email_id": "",
          "address": "S/O SATYANARAYANA H.NO :6-97 DODDAVARI PETA SAKHINETIPALLI 533251..",
          "intermediary_code": "CO0000000084",
          "intermediary_name": "BANK OF BARODA",
          "plan_name": "MED-PRD-083",
          "no_of_members": "1",
          "policy_number": "P/131319/01/2022/000131",
          "current_premium_base": "3,104",
          "current_sum_insured": "100,000",
          "current_premium_tax": "0",
          "current_premium_total": "3,104",
          "new_premium_base": "3,104",
          "new_sum_insured": "100,000",
          "new_premium_tax": "0",
          "new_premium_total": "3,104",
          "current_policy_issue_date": "06/16/2021",
          "current_policy_expiry_date": "",
          "claim_flag": "N",
          "claim_settlement_amount": "0"
        },
        {
          "proposer_name": "Mr.BATHINA RAMESH",
          "insured_name": "B RAMESH",
          "telephone_no": "",
          "email_id": "",
          "address": "S/O SATYANARAYANA H.NO :6-97 DODDAVARI PETA SAKHINETIPALLI 533251..",
          "intermediary_code": "CO0000000084",
          "intermediary_name": "BANK OF BARODA",
          "plan_name": "Arogya Sanjeevani Policy Star Health and Allied Insurance Co Ltd.",
          "no_of_members": "1",
          "policy_number": "P/131319/01/2022/000132",
          "current_premium_base": "3,104",
          "current_sum_insured": "100,000",
          "current_premium_tax": "0",
          "current_premium_total": "3,104",
          "new_premium_base": "3,104",
          "new_sum_insured": "100,000",
          "new_premium_tax": "0",
          "new_premium_total": "3,104",
          "current_policy_issue_date": "06/16/2021",
          "current_policy_expiry_date": "",
          "claim_flag": "N",
          "claim_settlement_amount": "0"
        },
        {
          "proposer_name": "Mr.BATHINA RAMESH",
          "insured_name": "B RAMESH",
          "telephone_no": "",
          "email_id": "",
          "address": "S/O SATYANARAYANA H.NO :6-97 DODDAVARI PETA SAKHINETIPALLI 533251..",
          "intermediary_code": "CO0000000084",
          "intermediary_name": "BANK OF BARODA",
          "plan_name": "MED-PRD-083",
          "no_of_members": "1",
          "policy_number": "P/131319/01/2022/000133",
          "current_premium_base": "3,104",
          "current_sum_insured": "100,000",
          "current_premium_tax": "0",
          "current_premium_total": "3,104",
          "new_premium_base": "3,104",
          "new_sum_insured": "100,000",
          "new_premium_tax": "0",
          "new_premium_total": "3,104",
          "current_policy_issue_date": "06/16/2021",
          "current_policy_expiry_date": "",
          "claim_flag": "N",
          "claim_settlement_amount": "0"
        },
        {
          "proposer_name": "Mr.BATHINA RAMESH",
          "insured_name": "B RAMESH",
          "telephone_no": "9573576951",
          "email_id": "",
          "address": "S/O SATYANARAYANA H.NO :6-97 DODDAVARI PETA SAKHINETIPALLI 533251..",
          "intermediary_code": "CO0000000084",
          "intermediary_name": "BANK OF BARODA",
          "plan_name": "Arogya Sanjeevani Policy Star Health and Allied Insurance Co Ltd.",
          "no_of_members": "1",
          "policy_number": "P/131319/01/2022/000134",
          "current_premium_base": "3,104",
          "current_sum_insured": "100,000",
          "current_premium_tax": "",
          "current_premium_total": "3,104",
          "new_premium_base": "3,104",
          "new_sum_insured": "100,000",
          "new_premium_tax": "279",
          "new_premium_total": "3,383",
          "current_policy_issue_date": "06/16/2021",
          "current_policy_expiry_date": "",
          "claim_flag": "N",
          "claim_settlement_amount": ""
        },
        {
          "proposer_name": "BHUPATIRAJU SUBBALAKSHMI",
          "insured_name": "BHUPATIRAJU SUBBALAKSHMI",
          "telephone_no": "",
          "email_id": "boddapalliprasad@gmail.com",
          "address": "W/O BHUPATIRAJU ANJANEYARAJU # 2-31/1 Main Road ,Gogannamatam, Mamidikuduru, Ponnamanda PONNAMANDA",
          "intermediary_code": "BA0000192396",
          "intermediary_name": "Ms.B CHINNARI",
          "plan_name": "MED-PRD-070",
          "no_of_members": "1",
          "policy_number": "P/131319/01/2022/000135",
          "current_premium_base": "8,456",
          "current_sum_insured": "200,000",
          "current_premium_tax": "0",
          "current_premium_total": "8,456",
          "new_premium_base": "8,456",
          "new_sum_insured": "200,000",
          "new_premium_tax": "0",
          "new_premium_total": "8,456",
          "current_policy_issue_date": "06/18/2021",
          "current_policy_expiry_date": "",
          "claim_flag": "N",
          "claim_settlement_amount": "0"
        },
        {
          "proposer_name": "BHUPATIRAJU SUBBALAKSHMI",
          "insured_name": "BHUPATIRAJU SUBBALAKSHMI",
          "telephone_no": "",
          "email_id": "boddapalliprasad@gmail.com",
          "address": "W/O BHUPATIRAJU ANJANEYARAJU # 2-31/1 Main Road ,Gogannamatam, Mamidikuduru, Ponnamanda PONNAMANDA",
          "intermediary_code": "BA0000192396",
          "intermediary_name": "Ms.B CHINNARI",
          "plan_name": "Senior Citizens Red Carpet Health Insurance Policy",
          "no_of_members": "1",
          "policy_number": "P/131319/01/2022/000136",
          "current_premium_base": "8,456",
          "current_sum_insured": "200,000",
          "current_premium_tax": "0",
          "current_premium_total": "8,456",
          "new_premium_base": "8,456",
          "new_sum_insured": "200,000",
          "new_premium_tax": "761",
          "new_premium_total": "9,217",
          "current_policy_issue_date": "06/18/2021",
          "current_policy_expiry_date": "",
          "claim_flag": "N",
          "claim_settlement_amount": "0"
        }
      ]
    }
  ]
}